Day,Task,sAA,MeanRR,MinHR,FFTVLFPowerPcnt,SampEn,CO2,isoprene
1,Relaxed,10.6,755.088,67.49,8.69,1.548,27.79789,100.7232127
1,Stressed,10.6,754.128,67.459,6.43,1.617,30.46334015,103.473557
2,Stressed,9.2,908.6,57.25,3.99,1.875,32.29255655,93.87252647
2,Relaxed,4,962.373,53,7.4,1.803,27.6572,92.79366759
3,Relaxed,9.4,826.997,63.667,6.36,1.93,25.4012,
3,Stressed,12.6,847.817,63.667,6.34,1.93,28.89920356,123.909875
4,Stressed,11.6,802.988,64.901,7.18,1.741,30.3295,128.584151
4,Relaxed,6.2,854.722,59.75,13.98,1.655,27.2749,84.54348406
